model	emissions_original	emissions_criteria	red_perc	red_abs
BPR	3.9484	2.3033	41.6647	1.6451
CKFG	5.881	1.767	69.9418	4.114
CKE	5.68394	1.9837	65.09955	3.70024
DMF	2.2927	1.9667	14.2158	0.326
KGCN	6.8754	1.454	78.8522	5.4214
KGNNLS	7.763	1.70177	78.0785	6.0613
LINE	1.9128	1.3831	27.6935	0.5297
MultiDAE	8.0303	2.29608	71.40737	5.73422
LightGCN	15.626	1.4926	90.4481	14.1334
NGCF	7.7582	2.6601	65.7126	5.0981
DGCF	94.903	10.4625	88.9756	84.4405